,Model,mAP,FN_count,mean_center_distance
0,airSim_640T0.4,0.8927547070797704,718,3.9248452553321505
