,Model,mAP,FN_count,MCD
0,YOLOv8,0.4896241344374196,648.5,9.930287586429873
