,Model,mAP,FN_count,MCD
0,YOLOv8,0.9047121311417468,159.125,2.224849972263254
