,Model,mAP,FN_count,MCD
0,Yolov8,0.15930532222394764,656.0,9.93947545086956
