,Model,mAP,FN_count,MCD
0,YOLOv8,0.14576275943149264,648.5,9.930287586429873
