,Model,mAP,FN_count,MCD
0,Yolov8,0.4999730996708375,656.0,9.93947545086956
