,Model,mAP,FN_count,MCD
0,YOLOv8,0.8776748460634188,159.125,2.224849972263254
